ID_TIPOPTO;DENOMINAZ;INDIRIZZO;CIRCOSCRIZ;CAP;CITTA;TELEFONO;FAX;EMAIL;URL;LUOGO;geometry;LATITUDE;LONGITUDE;QUARTIERE;DQUARTIERE;DCIRCOSCRIZ
29;MAU - Museo d'Arte Urbana;VIA ROCCIAMELONE 7/C;4;10143;TORINO;335 6398351 - 328 2313381 - 335 8163421;;info@museoarteurbana.it;http://www.museoarteurbana.it;Borgo Vecchio Campidoglio;POINT (7.654380436234606 45.08161718904499);45.08161718904499;7.6543804362346055;6;San Donato;San Donato - Campidoglio - Parella
36;ECOMUSEO URBANO DI TORINO - CIRCOSCRIZIONE 4;VIA GIACOMO MEDICI 28;4;10143;TORINO;011 01128420;011 01128421;ecomuseo@comune.torino.it;http://www.comune.torino.it/ecomuseo;;POINT (7.651801497165257 45.07776943808865);45.07776943808865;7.651801497165257;6;San Donato;San Donato - Campidoglio - Parella
50;Museo A come Ambiente;CORSO UMBRIA 90;4;10144;TORINO;011 0702535;;info@acomeambiente.org;http://www.acomeambiente.org;;POINT (7.663757359946186 45.08994456509794);45.08994456509794;7.663757359946186;6;San Donato;San Donato - Campidoglio - Parella
68;Museo Francesco Faa' di Bruno;VIA S. DONATO 31;4;10144;TORINO;011 489145;;centrostudi@faadibruno.it;http://www.comune.torino.it/musei/elenco/santisociali.shtml;C/o Istituto Suore Minime di N. S. del Suffragio;POINT (7.665022025764455 45.08002750695606);45.08002750695606;7.665022025764455;6;San Donato;San Donato - Campidoglio - Parella
30;Archivio Storico Museo Italgas;CORSO PALERMO 3;7;10152;TORINO;011 8395312;011 8395315;archiviostorico@italgas.it;http://www.italgas.it/azienda/storia/archivio-storico/;;POINT (7.692398916866702 45.07670901646674);45.07670901646674;7.6923989168667015;7;Aurora;Aurora, Vanchiglia - Sassi - Madonna del Pilone
31;Armeria Reale;PIAZZA CASTELLO 191;1;10122;TORINO;011 543889;011 5188063;armeriareale@artito.arti.beniculturali.it;www.artito.arti.beniculturali.it;;POINT (7.686357616086335 45.07164285524104);45.071642855241045;7.686357616086335;1;Centro;Centro - Crocetta
45;Galleria Sabauda;VIA VENTI SETTEMBRE 88;1;10122;TORINO;011 4992333 (prenotazioni) - 011 5641749 (info);;galleriasabauda@artito.arti.beniculturali.it;http://www.artito.arti.beniculturali.it/;Manica Nuova di Palazzo Reale ;POINT (7.685676561903323 45.07475585868801);45.074755858688015;7.685676561903323;1;Centro;Centro - Crocetta
47;MAO - Museo d'Arte Orientale;VIA S. DOMENICO 11;1;10122;TORINO;011 4436927-8;011 4436918;mao@fondazionetorinomusei.it;http://www.maotorino.it;Palazzo Mazzonis;POINT (7.680275377771647 45.07470805718508);45.074708057185084;7.680275377771647;1;Centro;Centro - Crocetta
49;Miaao - Museo Internazionale Delle Arti Applicate Oggi;VIA MARIA VITTORIA 5;1;10123;TORINO;011 5611161;;miaao.museo@gmail.com;http://www.miaao.org/;;POINT (7.684777516463757 45.06791010434381);45.06791010434381;7.684777516463757;1;Centro;Centro - Crocetta
52;Palazzo Madama - Museo Civico d¿Arte Antica;PIAZZA CASTELLO 0;1;10123;TORINO;011 4433501;011 4429929;palazzomadama@fondazionetorinomusei.it;http://www.palazzomadamatorino.it;Piazza Castello - presso Palazzo Madama;POINT (7.685480135159924 45.0710711687905);45.0710711687905;7.685480135159924;1;Centro;Centro - Crocetta
53;Museo Civico Pietro Micca e dell'Assedio di Torino del 1706;VIA FRANCESCO GIUSEPPE GUICCIARDINI 7/A;1;10121;TORINO;011 546317;011 533772;mpm@biblioteche.reteunitaria.piemonte.it;http://www.museopietromicca.it/;;POINT (7.668504452040771 45.0721497504927);45.0721497504927;7.6685044520407715;1;Centro;Centro - Crocetta
56;Museo della Radio e della Televisione;VIA GIUSEPPE VERDI 16;1;10124;TORINO;011 8104360;011 8126521;museoradiotv@rai.it;www.museoradiotv.rai.it;;POINT (7.69175423562484 45.06854661738237);45.068546617382374;7.69175423562484;1;Centro;Centro - Crocetta
57;Museo della Scuola e del Libro per l'Infanzia - Fondazione Tancredi di Barolo;VIA CORTE D'APPELLO 20/C;1;10122;TORINO;011 19784944;;didattica@fondazionetancredidibarolo.com;www.fondazionetancredidibarolo.com;Palazzo Barolo, via Corte d¿Appello 20/C;POINT (7.678446108259526 45.07463566694161);45.07463566694161;7.678446108259526;1;Centro;Centro - Crocetta
58;Museo della Sindone;VIA S. DOMENICO 28;1;10122;TORINO;011 4365832;011 4319275;museo@sindone.org;www.sindone.it;;POINT (7.676653688112433 45.07605036751795);45.07605036751795;7.676653688112433;1;Centro;Centro - Crocetta
59;Museo delle Antichita' Egizie;VIA ACCADEMIA DELLE SCIENZE 6;1;10123;TORINO;011 5617776;;info@museoegizio.it;http://www.museoegizio.it/;;POINT (7.684468871656535 45.06839148497162);45.06839148497162;7.684468871656535;1;Centro;Centro - Crocetta
60;Museo delle Arti Decorative - Fondazione Accorsi - Ometto;VIA PO 55;1;10124;TORINO;011837688 interno 3;011 8154061;info@fondazioneaccorsi-ometto.it;www.fondazioneaccorsi-ometto.it;;POINT (7.693309144831701 45.06634211602926);45.06634211602926;7.6933091448317015;1;Centro;Centro - Crocetta
62;Museo di Antichita' -  Museo Archeologico Nazionale del Piemonte;PIAZZETTA REALE 1;1;10122;TORINO;011 5211106 - 011 5212251;;sar-pie.museoantichita@beniculturali.it;http://museoarcheologico.piemonte.beniculturali.it;;POINT (7.68616120085234 45.07267287656071);45.07267287656071;7.68616120085234;1;Centro;Centro - Crocetta
64;Museo di Antropologia ed Etnografia dell'Universita' di Torino;VIA ACCADEMIA ALBERTINA 17;1;10123;TORINO;;011 6705931;museo.antropologia@unito.it;www.museounito.it;Il Museo è chiuso. Per infomazioni e-mail: museo.antropologia@unito.it;POINT (7.687529254811587 45.06417937961295);45.06417937961295;7.687529254811587;1;Centro;Centro - Crocetta
66;Museo Diffuso della Resistenza, della Deportazione, della Guerra, dei Diritti e della Liberta';CORSO VALDOCCO 4/A;1;10122;TORINO;011 4420780;011 4362034;info@museodiffusotorino.it;http://www.museodiffusotorino.it;;POINT (7.674145699008956 45.07581637150432);45.07581637150432;7.674145699008956;1;Centro;Centro - Crocetta
67;Museo Diocesano;VIA S. FRANCESCO DA PAOLA 37/E;1;10123;TORINO;011 5156408;011 5156409;museodiocesano@diocesi.torino.it;http://www.museodiocesanotorino.it/;c/o Chiesa Inferiore Della Cattedrale (Cripta Del Duomo);POINT (7.684445162701684 45.06177330233383);45.06177330233383;7.684445162701684;1;Centro;Centro - Crocetta
69;Museo Nazionale del Cinema;VIA MONTEBELLO 20/A;1;10124;TORINO;011 8138563;;prenotazioni@museocinema.it;http://www.museocinema.it;;POINT (7.692916140438565 45.06900773192618);45.069007731926185;7.692916140438565;1;Centro;Centro - Crocetta
70;Museo Nazionale del Risorgimento Italiano;VIA ACCADEMIA DELLE SCIENZE 5;1;10123;TORINO;011 5621147;011 5624695;info@museorisorgimentotorino.it;www.museorisorgimentotorino.it;c/o Palazzo Carignano;POINT (7.685166611789974 45.0691158117595);45.0691158117595;7.685166611789974;1;Centro;Centro - Crocetta
73;Museo Olimpico Torino 2006;VIA GIOVANNI GIOLITTI 36;1;10123;TORINO;;;;;Chiuso - Informazioni in fase di aggiornamento;POINT (7.688700753983376 45.0646560855501);45.0646560855501;7.688700753983376;1;Centro;Centro - Crocetta
74;Museo Regionale di Scienze Naturali;VIA GIOVANNI GIOLITTI 36;1;10123;TORINO;800 329329;;museo.mrsn@regione.piemonte.it;http://www.mrsntorino.it/;Il museo è CHIUSO per lavori di adeguamento.;POINT (7.688700753983376 45.0646560855501);45.0646560855501;7.688700753983376;1;Centro;Centro - Crocetta
75;Museo Storico Nazionale dell'Artiglieria;CORSO GALILEO FERRARIS 0;1;10121;TORINO;011 5629223;;;http://www.artiglieria.org/;Il Museo è temporaneamente chiuso per restauri.;POINT (7.67363115888857 45.07098260592766);45.07098260592766;7.67363115888857;1;Centro;Centro - Crocetta
78;Palazzo Cavour;VIA CAVOUR 8;1;10123;TORINO;338.69.65.103;;;http://www.palazzo-cavour.com/arte-cultura.html;;POINT (7.682698678936562 45.0653326449137);45.065332644913696;7.682698678936562;1;Centro;Centro - Crocetta
79;Palazzo Falletti di Barolo - Appartamenti Storici;VIA DELLE ORFANE 7;1;10122;TORINO;011 2636111;;;http://www.operabarolo.it/it/p-119/palazzo-barolo/palazzo-barolo;;POINT (7.678747797848901 45.07475453309547);45.07475453309547;7.678747797848901;1;Centro;Centro - Crocetta
80;Palazzo Reale;PIAZZETTA REALE 1;1;10122;TORINO;011 4361455;011 4361557;sbap-to.reale@beniculturali.it ;http://www.ilpalazzorealeditorino.it/;;POINT (7.68616120085234 45.07267287656071);45.07267287656071;7.68616120085234;1;Centro;Centro - Crocetta
82;Pinacoteca della Accademia Albertina di Belle Arti;VIA ACCADEMIA ALBERTINA 8;1;10123;TORINO;011 0897370;;pinacoteca.albertina@copatitalia.com;http://www.accademialbertina.torino.it/index.php/pinacoteca;;POINT (7.689515055574362 45.0672376410825);45.0672376410825;7.689515055574362;1;Centro;Centro - Crocetta
32;Basilica di Superga e Reali Tombe di Casa Savoia;STRADA DELLA BASILICA DI SOPERGA 73;7;10132;TORINO;011 8997456;011 8903833;prenotazioni@basilicadisuperga.com;http://www.basilicadisuperga.com/;;POINT (7.76781873307657 45.08058786821524);45.08058786821524;7.76781873307657;21;Madonna del Pilone;Aurora, Vanchiglia - Sassi - Madonna del Pilone
33;Borgo e Rocca Medioevale;VIALE VIRGILIO 107;8;10126;TORINO;011 4431701 - 011 4431702;0114431719 - 0114431720;borgomedievale@fondazionetorinomusei.it;http://www.borgomedioevaletorino.it;Parco del Valentino;POINT (7.685334267550323 45.0494466299792);45.0494466299792;7.685334267550323;2;San Salvario;San Salvario - Cavoretto - Borgo Po - Nizza Millefonti - Lingotto - Filadelfia
54;Museo della Frutta Francesco Garnier Valletti;VIA PIETRO GIURIA 15;8;10126;TORINO;011 6708195;011 6708196;info-museodellafrutta@comune.torino.it;http://www.museodellafrutta.it;;POINT (7.679675060082769 45.04975321236684);45.049753212366845;7.679675060082769;2;San Salvario;San Salvario - Cavoretto - Borgo Po - Nizza Millefonti - Lingotto - Filadelfia
61;Museo di Anatomia Umana Luigi Rolando;CORSO MASSIMO D'AZEGLIO 52;8;10126;TORINO;011 6707883;011 6705931;museo.anatomia@unito.it;www.museounito.it;;POINT (7.680516078951853 45.04944570815125);45.04944570815125;7.680516078951853;2;San Salvario;San Salvario - Cavoretto - Borgo Po - Nizza Millefonti - Lingotto - Filadelfia
63;Museo di Antropologia Criminale Cesare Lombroso;VIA PIETRO GIURIA 15;8;10126;TORINO;011 6708195;011 6705931;museo.lombroso@unito.it;www.museounito.it;;POINT (7.679675060082769 45.04975321236684);45.049753212366845;7.679675060082769;2;San Salvario;San Salvario - Cavoretto - Borgo Po - Nizza Millefonti - Lingotto - Filadelfia
77;Orto Botanico;VIALE PIER ANDREA MATTIOLI 25;8;10125;TORINO;011 6705970 - 011 6705976 ;011 6705962;consolata.siniscalco@unito.it - daniela.bouvet@unito.it;www.ortobotanico.unito.it;;POINT (7.686130161227056 45.05533113212365);45.05533113212365;7.686130161227056;2;San Salvario;San Salvario - Cavoretto - Borgo Po - Nizza Millefonti - Lingotto - Filadelfia
35;ECOMUSEO URBANO DI TORINO - CIRCOSCRIZIONE 2;VIA EDOARDO RUBINO 45;2;10137;TORINO;011 4436255;011 4434426;ecomuseo@comune.torino.it;http://www.comune.torino.it/ecomuseo;;POINT (7.624556888100697 45.04110646416468);45.04110646416468;7.624556888100697;12;Mirafiori Nord;Santa Rita - Mirafiori
38;ECOMUSEO URBANO DI TORINO - CIRCOSCRIZIONE 6;VIA S. GAETANO THIENE 6;6;10154;TORINO;"011 2424215; 011 01135667-36 (Ufficio Cultura) ";;circ6@comune.torino.it;http://www.comune.torino.it/ecomuseo;;POINT (7.714117928726038 45.08977459353992);45.08977459353992;7.714117928726038;20;Regio Parco;Barriera di Milano - Regio Parco - Barca - Bertolla - Falchera - Rebaudengo - Villaretto
40;ECOMUSEO URBANO DI TORINO - CIRCOSCRIZIONE 8;CORSO MONCALIERI 18;8;10131;TORINO;011 4438809 - 011 4435812;;informa8@comune.torino.it;http://www.comune.torino.it/ecomuseo;;POINT (7.694878081757436 45.05946475688949);45.05946475688949;7.6948780817574365;22;Borgo Poe Cavoretto;San Salvario - Cavoretto - Borgo Po - Nizza Millefonti - Lingotto - Filadelfia
65;Museo di Storia Naturale Don Bosco e delle Apparecchiature Scientifiche;VIALE ENRICO THOVEZ 37;8;10131;TORINO;011 6300611-629;011 6300605;museo@liceovalsalice.it;http://liceovalsalice.it/museo-di-storia-naturale-don-bosco/;;POINT (7.70204860617052 45.05391845922925);45.05391845922925;7.7020486061705205;22;Borgo Poe Cavoretto;San Salvario - Cavoretto - Borgo Po - Nizza Millefonti - Lingotto - Filadelfia
71;Museo Nazionale della Montagna Duca degli Abruzzi;PIAZZALE MONTE DEI CAPPUCCINI 7;8;10131;TORINO;011 6604104;011 6604622;posta@museomontagna.org;http://www.museomontagna.org;;POINT (7.697189207448042 45.05966212425829);45.05966212425829;7.697189207448042;22;Borgo Poe Cavoretto;San Salvario - Cavoretto - Borgo Po - Nizza Millefonti - Lingotto - Filadelfia
84;Villa della Regina;STRADA S. MARGHERITA 29/A;8;10131;TORINO;011 5641711;011 549547;sbeap-to.artistici@beniculturali.it - sbeap-al.artistici@beniculturali.it;http://www.artito.arti.beniculturali.it/museum.php?museum=4;;POINT (7.706807679103543 45.05678542866235);45.05678542866235;7.706807679103543;22;Borgo Poe Cavoretto;San Salvario - Cavoretto - Borgo Po - Nizza Millefonti - Lingotto - Filadelfia
41;ECOMUSEO URBANO DI TORINO - CIRCOSCRIZIONE 9;VIA CARLO BOSSOLI 72/A;8;10135;TORINO;011 01134930 - 011 01135956;011.011.35919;ecomuseo9@comune.torino.it;http://www.comune.torino.it/ecomuseo;;POINT (7.651624610473568 45.02833039816199);45.02833039816199;7.651624610473568;10;Mercati generali;San Salvario - Cavoretto - Borgo Po - Nizza Millefonti - Lingotto - Filadelfia
81;PAV - Parco d'Arte Vivente;VIA BRUNO GIORDANO 31;8;10134;TORINO;011 3182235;;info@parcoartevivente.it;http://www.parcoartevivente.it;;POINT (7.664003045122794 45.0439838457053);45.0439838457053;7.664003045122794;10;Mercati generali;San Salvario - Cavoretto - Borgo Po - Nizza Millefonti - Lingotto - Filadelfia
42;ECOMUSEO URBANO DI TORINO - CIRCOSCRIZIONE 3;VIA FRANCESCO MILLIO 20;3;10141;TORINO;011 4434491;;ecomuseo3@comune.torino.it;http://www.comune.torino.it/ecomuseo;;POINT (7.651878024304819 45.05780035690425);45.05780035690425;7.6518780243048194;4;San Paolo;San Paolo - Cenisia - Pozzo Strada - Cit Turin - Borgata Lesna
43;Fondazione Merz;VIA LIMONE 24/A;3;10141;TORINO;011 19719437;011 19719805;info@fondazionemerz.org;http://www.fondazionemerz.org;;POINT (7.643040592349935 45.06189940090588);45.06189940090588;7.643040592349935;4;San Paolo;San Paolo - Cenisia - Pozzo Strada - Cit Turin - Borgata Lesna
44;Fondazione Sandretto Re Rebaudengo per l'Arte;VIA MODANE 16;3;10141;TORINO;011 3797600;011 19831601;info@fsrr.org;www.fsrr.org;;POINT (7.652258247464816 45.0569206576446);45.0569206576446;7.6522582474648155;4;San Paolo;San Paolo - Cenisia - Pozzo Strada - Cit Turin - Borgata Lesna
46;GAM - Galeria Civica d'Arte Moderna e Contemporanea;VIA MAGENTA 31;1;10128;TORINO;011 4429518;011 4429550;gam@fondazionetorinomusei.it;http://www.gamtorino.it;;POINT (7.66973774887736 45.06497900189195);45.06497900189195;7.66973774887736;3;Crocetta;Centro - Crocetta
76;MAP - Museo Archivio Politecnico (CEMED);CORSO DUCA DEGLI ABRUZZI 24;1;10129;TORINO;011 4330550;;infomap@polito.it;http://areeweb.polito.it/strutture/cemed/001/Index2.htm;;POINT (7.662360358838298 45.06245141133888);45.062451411338884;7.662360358838298;3;Crocetta;Centro - Crocetta
51;Museo Carpano (Eataly);VIA NIZZA 230 int. 14;8;10126;TORINO;011 19506801 (Box Informazioni Eataly);011 19506899 (Box Informazioni;infotorino@eataly.it;http://www.eataly.it;Lingotto;POINT (7.667040390777145 45.03492119674794);45.03492119674794;7.667040390777145;9;Nizza mille fonti;San Salvario - Cavoretto - Borgo Po - Nizza Millefonti - Lingotto - Filadelfia
72;Museo Nazionale dell'Automobile - Carlo Biscaretti di Ruffia;CORSO UNITA' D'ITALIA 40;8;10126;TORINO;011 677666;011 6647148;info@museoauto.it;http://www.museoauto.it/;;POINT (7.674254317463597 45.03148605832027);45.03148605832027;7.674254317463597;9;Nizza mille fonti;San Salvario - Cavoretto - Borgo Po - Nizza Millefonti - Lingotto - Filadelfia
83;Pinacoteca Giovanni e Marella Agnelli;VIA NIZZA 230;8;10126;TORINO;011 0062713;;segreteria@pinacoteca-agnelli.it;http://www.pinacoteca-agnelli.it;;POINT (7.667714998960114 45.03405481755141);45.03405481755141;7.667714998960114;9;Nizza mille fonti;San Salvario - Cavoretto - Borgo Po - Nizza Millefonti - Lingotto - Filadelfia
